,test_case,qpu_type,compile_mode,execution_time_ms,fidelity
0,0,rigetti,optimized,50,0.9
1,1,simulator,unoptimized,60,0.91
2,2,rigetti,optimized,70,0.92
3,3,simulator,unoptimized,80,0.93
4,4,rigetti,optimized,90,0.9400000000000001
5,5,simulator,unoptimized,100,0.9500000000000001
6,6,rigetti,optimized,110,0.96
7,7,simulator,unoptimized,120,0.97
8,8,rigetti,optimized,130,0.98
9,9,simulator,unoptimized,140,0.99
10,10,rigetti,optimized,150,0.9
11,11,simulator,unoptimized,160,0.91
12,12,rigetti,optimized,170,0.92
13,13,simulator,unoptimized,180,0.93
14,14,rigetti,optimized,190,0.9400000000000001
15,15,simulator,unoptimized,200,0.9500000000000001
16,16,rigetti,optimized,210,0.96
17,17,simulator,unoptimized,220,0.97
18,18,rigetti,optimized,230,0.98
19,19,simulator,unoptimized,240,0.99
20,20,rigetti,optimized,250,0.9
21,21,simulator,unoptimized,260,0.91
22,22,rigetti,optimized,270,0.92
23,23,simulator,unoptimized,280,0.93
24,24,rigetti,optimized,290,0.9400000000000001
25,25,simulator,unoptimized,300,0.9500000000000001
26,26,rigetti,optimized,310,0.96
27,27,simulator,unoptimized,320,0.97
28,28,rigetti,optimized,330,0.98
29,29,simulator,unoptimized,340,0.99
30,30,rigetti,optimized,350,0.9
31,31,simulator,unoptimized,360,0.91
32,32,rigetti,optimized,370,0.92
33,33,simulator,unoptimized,380,0.93
34,34,rigetti,optimized,390,0.9400000000000001
35,35,simulator,unoptimized,400,0.9500000000000001
36,36,rigetti,optimized,410,0.96
37,37,simulator,unoptimized,420,0.97
38,38,rigetti,optimized,430,0.98
39,39,simulator,unoptimized,440,0.99
40,40,rigetti,optimized,450,0.9
41,41,simulator,unoptimized,460,0.91
42,42,rigetti,optimized,470,0.92
43,43,simulator,unoptimized,480,0.93
44,44,rigetti,optimized,490,0.9400000000000001
45,45,simulator,unoptimized,500,0.9500000000000001
46,46,rigetti,optimized,510,0.96
47,47,simulator,unoptimized,520,0.97
48,48,rigetti,optimized,530,0.98
49,49,simulator,unoptimized,540,0.99
50,50,rigetti,optimized,550,0.9
51,51,simulator,unoptimized,560,0.91
52,52,rigetti,optimized,570,0.92
53,53,simulator,unoptimized,580,0.93
54,54,rigetti,optimized,590,0.9400000000000001
55,55,simulator,unoptimized,600,0.9500000000000001
56,56,rigetti,optimized,610,0.96
57,57,simulator,unoptimized,620,0.97
58,58,rigetti,optimized,630,0.98
59,59,simulator,unoptimized,640,0.99
60,60,rigetti,optimized,650,0.9
61,61,simulator,unoptimized,660,0.91
62,62,rigetti,optimized,670,0.92
63,63,simulator,unoptimized,680,0.93
64,64,rigetti,optimized,690,0.9400000000000001
65,65,simulator,unoptimized,700,0.9500000000000001
66,66,rigetti,optimized,710,0.96
67,67,simulator,unoptimized,720,0.97
68,68,rigetti,optimized,730,0.98
69,69,simulator,unoptimized,740,0.99
70,70,rigetti,optimized,750,0.9
71,71,simulator,unoptimized,760,0.91
72,72,rigetti,optimized,770,0.92
73,73,simulator,unoptimized,780,0.93
74,74,rigetti,optimized,790,0.9400000000000001
75,75,simulator,unoptimized,800,0.9500000000000001
76,76,rigetti,optimized,810,0.96
77,77,simulator,unoptimized,820,0.97
78,78,rigetti,optimized,830,0.98
79,79,simulator,unoptimized,840,0.99
80,80,rigetti,optimized,850,0.9
81,81,simulator,unoptimized,860,0.91
82,82,rigetti,optimized,870,0.92
83,83,simulator,unoptimized,880,0.93
84,84,rigetti,optimized,890,0.9400000000000001
85,85,simulator,unoptimized,900,0.9500000000000001
86,86,rigetti,optimized,910,0.96
87,87,simulator,unoptimized,920,0.97
88,88,rigetti,optimized,930,0.98
89,89,simulator,unoptimized,940,0.99
90,90,rigetti,optimized,950,0.9
91,91,simulator,unoptimized,960,0.91
92,92,rigetti,optimized,970,0.92
93,93,simulator,unoptimized,980,0.93
94,94,rigetti,optimized,990,0.9400000000000001
95,95,simulator,unoptimized,1000,0.9500000000000001
96,96,rigetti,optimized,1010,0.96
97,97,simulator,unoptimized,1020,0.97
98,98,rigetti,optimized,1030,0.98
99,99,simulator,unoptimized,1040,0.99
100,100,rigetti,optimized,1050,0.9
101,101,simulator,unoptimized,1060,0.91
102,102,rigetti,optimized,1070,0.92
103,103,simulator,unoptimized,1080,0.93
104,104,rigetti,optimized,1090,0.9400000000000001
105,105,simulator,unoptimized,1100,0.9500000000000001
106,106,rigetti,optimized,1110,0.96
107,107,simulator,unoptimized,1120,0.97
108,108,rigetti,optimized,1130,0.98
109,109,simulator,unoptimized,1140,0.99
110,110,rigetti,optimized,1150,0.9
111,111,simulator,unoptimized,1160,0.91
112,112,rigetti,optimized,1170,0.92
113,113,simulator,unoptimized,1180,0.93
114,114,rigetti,optimized,1190,0.9400000000000001
115,115,simulator,unoptimized,1200,0.9500000000000001
116,116,rigetti,optimized,1210,0.96
117,117,simulator,unoptimized,1220,0.97
118,118,rigetti,optimized,1230,0.98
119,119,simulator,unoptimized,1240,0.99
120,120,rigetti,optimized,1250,0.9
121,121,simulator,unoptimized,1260,0.91
122,122,rigetti,optimized,1270,0.92
123,123,simulator,unoptimized,1280,0.93
124,124,rigetti,optimized,1290,0.9400000000000001
125,125,simulator,unoptimized,1300,0.9500000000000001
126,126,rigetti,optimized,1310,0.96
127,127,simulator,unoptimized,1320,0.97
128,128,rigetti,optimized,1330,0.98
129,129,simulator,unoptimized,1340,0.99
130,130,rigetti,optimized,1350,0.9
131,131,simulator,unoptimized,1360,0.91
132,132,rigetti,optimized,1370,0.92
133,133,simulator,unoptimized,1380,0.93
134,134,rigetti,optimized,1390,0.9400000000000001
135,135,simulator,unoptimized,1400,0.9500000000000001
136,136,rigetti,optimized,1410,0.96
137,137,simulator,unoptimized,1420,0.97
138,138,rigetti,optimized,1430,0.98
139,139,simulator,unoptimized,1440,0.99
140,140,rigetti,optimized,1450,0.9
141,141,simulator,unoptimized,1460,0.91
142,142,rigetti,optimized,1470,0.92
143,143,simulator,unoptimized,1480,0.93
144,144,rigetti,optimized,1490,0.9400000000000001
145,145,simulator,unoptimized,1500,0.9500000000000001
146,146,rigetti,optimized,1510,0.96
147,147,simulator,unoptimized,1520,0.97
148,148,rigetti,optimized,1530,0.98
149,149,simulator,unoptimized,1540,0.99
150,150,rigetti,optimized,1550,0.9
151,151,simulator,unoptimized,1560,0.91
152,152,rigetti,optimized,1570,0.92
153,153,simulator,unoptimized,1580,0.93
154,154,rigetti,optimized,1590,0.9400000000000001
155,155,simulator,unoptimized,1600,0.9500000000000001
156,156,rigetti,optimized,1610,0.96
157,157,simulator,unoptimized,1620,0.97
158,158,rigetti,optimized,1630,0.98
159,159,simulator,unoptimized,1640,0.99
160,160,rigetti,optimized,1650,0.9
161,161,simulator,unoptimized,1660,0.91
162,162,rigetti,optimized,1670,0.92
163,163,simulator,unoptimized,1680,0.93
164,164,rigetti,optimized,1690,0.9400000000000001
165,165,simulator,unoptimized,1700,0.9500000000000001
166,166,rigetti,optimized,1710,0.96
167,167,simulator,unoptimized,1720,0.97
168,168,rigetti,optimized,1730,0.98
169,169,simulator,unoptimized,1740,0.99
170,170,rigetti,optimized,1750,0.9
171,171,simulator,unoptimized,1760,0.91
172,172,rigetti,optimized,1770,0.92
173,173,simulator,unoptimized,1780,0.93
174,174,rigetti,optimized,1790,0.9400000000000001
175,175,simulator,unoptimized,1800,0.9500000000000001
176,176,rigetti,optimized,1810,0.96
177,177,simulator,unoptimized,1820,0.97
178,178,rigetti,optimized,1830,0.98
179,179,simulator,unoptimized,1840,0.99
180,180,rigetti,optimized,1850,0.9
181,181,simulator,unoptimized,1860,0.91
182,182,rigetti,optimized,1870,0.92
183,183,simulator,unoptimized,1880,0.93
184,184,rigetti,optimized,1890,0.9400000000000001
185,185,simulator,unoptimized,1900,0.9500000000000001
186,186,rigetti,optimized,1910,0.96
187,187,simulator,unoptimized,1920,0.97
188,188,rigetti,optimized,1930,0.98
189,189,simulator,unoptimized,1940,0.99
190,190,rigetti,optimized,1950,0.9
191,191,simulator,unoptimized,1960,0.91
192,192,rigetti,optimized,1970,0.92
193,193,simulator,unoptimized,1980,0.93
194,194,rigetti,optimized,1990,0.9400000000000001
195,195,simulator,unoptimized,2000,0.9500000000000001
196,196,rigetti,optimized,2010,0.96
197,197,simulator,unoptimized,2020,0.97
198,198,rigetti,optimized,2030,0.98
199,199,simulator,unoptimized,2040,0.99
200,200,rigetti,optimized,2050,0.9
201,201,simulator,unoptimized,2060,0.91
202,202,rigetti,optimized,2070,0.92
203,203,simulator,unoptimized,2080,0.93
204,204,rigetti,optimized,2090,0.9400000000000001
205,205,simulator,unoptimized,2100,0.9500000000000001
206,206,rigetti,optimized,2110,0.96
207,207,simulator,unoptimized,2120,0.97
208,208,rigetti,optimized,2130,0.98
209,209,simulator,unoptimized,2140,0.99
210,210,rigetti,optimized,2150,0.9
211,211,simulator,unoptimized,2160,0.91
212,212,rigetti,optimized,2170,0.92
213,213,simulator,unoptimized,2180,0.93
214,214,rigetti,optimized,2190,0.9400000000000001
215,215,simulator,unoptimized,2200,0.9500000000000001
216,216,rigetti,optimized,2210,0.96
217,217,simulator,unoptimized,2220,0.97
218,218,rigetti,optimized,2230,0.98
219,219,simulator,unoptimized,2240,0.99
220,220,rigetti,optimized,2250,0.9
221,221,simulator,unoptimized,2260,0.91
222,222,rigetti,optimized,2270,0.92
223,223,simulator,unoptimized,2280,0.93
224,224,rigetti,optimized,2290,0.9400000000000001
225,225,simulator,unoptimized,2300,0.9500000000000001
226,226,rigetti,optimized,2310,0.96
227,227,simulator,unoptimized,2320,0.97
228,228,rigetti,optimized,2330,0.98
229,229,simulator,unoptimized,2340,0.99
230,230,rigetti,optimized,2350,0.9
231,231,simulator,unoptimized,2360,0.91
232,232,rigetti,optimized,2370,0.92
233,233,simulator,unoptimized,2380,0.93
234,234,rigetti,optimized,2390,0.9400000000000001
235,235,simulator,unoptimized,2400,0.9500000000000001
236,236,rigetti,optimized,2410,0.96
237,237,simulator,unoptimized,2420,0.97
238,238,rigetti,optimized,2430,0.98
239,239,simulator,unoptimized,2440,0.99
240,240,rigetti,optimized,2450,0.9
241,241,simulator,unoptimized,2460,0.91
242,242,rigetti,optimized,2470,0.92
243,243,simulator,unoptimized,2480,0.93
244,244,rigetti,optimized,2490,0.9400000000000001
245,245,simulator,unoptimized,2500,0.9500000000000001
246,246,rigetti,optimized,2510,0.96
247,247,simulator,unoptimized,2520,0.97
248,248,rigetti,optimized,2530,0.98
249,249,simulator,unoptimized,2540,0.99
250,250,rigetti,optimized,2550,0.9
251,251,simulator,unoptimized,2560,0.91
252,252,rigetti,optimized,2570,0.92
253,253,simulator,unoptimized,2580,0.93
254,254,rigetti,optimized,2590,0.9400000000000001
255,255,simulator,unoptimized,2600,0.9500000000000001
256,256,rigetti,optimized,2610,0.96
257,257,simulator,unoptimized,2620,0.97
258,258,rigetti,optimized,2630,0.98
259,259,simulator,unoptimized,2640,0.99
260,260,rigetti,optimized,2650,0.9
261,261,simulator,unoptimized,2660,0.91
262,262,rigetti,optimized,2670,0.92
263,263,simulator,unoptimized,2680,0.93
264,264,rigetti,optimized,2690,0.9400000000000001
265,265,simulator,unoptimized,2700,0.9500000000000001
266,266,rigetti,optimized,2710,0.96
267,267,simulator,unoptimized,2720,0.97
268,268,rigetti,optimized,2730,0.98
269,269,simulator,unoptimized,2740,0.99
270,270,rigetti,optimized,2750,0.9
271,271,simulator,unoptimized,2760,0.91
272,272,rigetti,optimized,2770,0.92
273,273,simulator,unoptimized,2780,0.93
274,274,rigetti,optimized,2790,0.9400000000000001
275,275,simulator,unoptimized,2800,0.9500000000000001
276,276,rigetti,optimized,2810,0.96
277,277,simulator,unoptimized,2820,0.97
278,278,rigetti,optimized,2830,0.98
279,279,simulator,unoptimized,2840,0.99
280,280,rigetti,optimized,2850,0.9
281,281,simulator,unoptimized,2860,0.91
282,282,rigetti,optimized,2870,0.92
283,283,simulator,unoptimized,2880,0.93
284,284,rigetti,optimized,2890,0.9400000000000001
285,285,simulator,unoptimized,2900,0.9500000000000001
286,286,rigetti,optimized,2910,0.96
287,287,simulator,unoptimized,2920,0.97
288,288,rigetti,optimized,2930,0.98
289,289,simulator,unoptimized,2940,0.99
290,290,rigetti,optimized,2950,0.9
291,291,simulator,unoptimized,2960,0.91
292,292,rigetti,optimized,2970,0.92
293,293,simulator,unoptimized,2980,0.93
294,294,rigetti,optimized,2990,0.9400000000000001
295,295,simulator,unoptimized,3000,0.9500000000000001
296,296,rigetti,optimized,3010,0.96
297,297,simulator,unoptimized,3020,0.97
298,298,rigetti,optimized,3030,0.98
299,299,simulator,unoptimized,3040,0.99
300,300,rigetti,optimized,3050,0.9
301,301,simulator,unoptimized,3060,0.91
302,302,rigetti,optimized,3070,0.92
303,303,simulator,unoptimized,3080,0.93
304,304,rigetti,optimized,3090,0.9400000000000001
305,305,simulator,unoptimized,3100,0.9500000000000001
306,306,rigetti,optimized,3110,0.96
307,307,simulator,unoptimized,3120,0.97
308,308,rigetti,optimized,3130,0.98
309,309,simulator,unoptimized,3140,0.99
310,310,rigetti,optimized,3150,0.9
311,311,simulator,unoptimized,3160,0.91
312,312,rigetti,optimized,3170,0.92
313,313,simulator,unoptimized,3180,0.93
314,314,rigetti,optimized,3190,0.9400000000000001
315,315,simulator,unoptimized,3200,0.9500000000000001
316,316,rigetti,optimized,3210,0.96
317,317,simulator,unoptimized,3220,0.97
318,318,rigetti,optimized,3230,0.98
319,319,simulator,unoptimized,3240,0.99
320,320,rigetti,optimized,3250,0.9
321,321,simulator,unoptimized,3260,0.91
322,322,rigetti,optimized,3270,0.92
323,323,simulator,unoptimized,3280,0.93
324,324,rigetti,optimized,3290,0.9400000000000001
325,325,simulator,unoptimized,3300,0.9500000000000001
326,326,rigetti,optimized,3310,0.96
327,327,simulator,unoptimized,3320,0.97
328,328,rigetti,optimized,3330,0.98
329,329,simulator,unoptimized,3340,0.99
330,330,rigetti,optimized,3350,0.9
331,331,simulator,unoptimized,3360,0.91
332,332,rigetti,optimized,3370,0.92
333,333,simulator,unoptimized,3380,0.93
334,334,rigetti,optimized,3390,0.9400000000000001
335,335,simulator,unoptimized,3400,0.9500000000000001
336,336,rigetti,optimized,3410,0.96
337,337,simulator,unoptimized,3420,0.97
338,338,rigetti,optimized,3430,0.98
339,339,simulator,unoptimized,3440,0.99
340,340,rigetti,optimized,3450,0.9
341,341,simulator,unoptimized,3460,0.91
342,342,rigetti,optimized,3470,0.92
343,343,simulator,unoptimized,3480,0.93
344,344,rigetti,optimized,3490,0.9400000000000001
345,345,simulator,unoptimized,3500,0.9500000000000001
346,346,rigetti,optimized,3510,0.96
347,347,simulator,unoptimized,3520,0.97
348,348,rigetti,optimized,3530,0.98
349,349,simulator,unoptimized,3540,0.99
350,350,rigetti,optimized,3550,0.9
351,351,simulator,unoptimized,3560,0.91
352,352,rigetti,optimized,3570,0.92
353,353,simulator,unoptimized,3580,0.93
354,354,rigetti,optimized,3590,0.9400000000000001
355,355,simulator,unoptimized,3600,0.9500000000000001
356,356,rigetti,optimized,3610,0.96
357,357,simulator,unoptimized,3620,0.97
358,358,rigetti,optimized,3630,0.98
359,359,simulator,unoptimized,3640,0.99
360,360,rigetti,optimized,3650,0.9
361,361,simulator,unoptimized,3660,0.91
362,362,rigetti,optimized,3670,0.92
363,363,simulator,unoptimized,3680,0.93
364,364,rigetti,optimized,3690,0.9400000000000001
365,365,simulator,unoptimized,3700,0.9500000000000001
366,366,rigetti,optimized,3710,0.96
367,367,simulator,unoptimized,3720,0.97
368,368,rigetti,optimized,3730,0.98
369,369,simulator,unoptimized,3740,0.99
370,370,rigetti,optimized,3750,0.9
371,371,simulator,unoptimized,3760,0.91
372,372,rigetti,optimized,3770,0.92
373,373,simulator,unoptimized,3780,0.93
374,374,rigetti,optimized,3790,0.9400000000000001
375,375,simulator,unoptimized,3800,0.9500000000000001
376,376,rigetti,optimized,3810,0.96
377,377,simulator,unoptimized,3820,0.97
378,378,rigetti,optimized,3830,0.98
379,379,simulator,unoptimized,3840,0.99
380,380,rigetti,optimized,3850,0.9
381,381,simulator,unoptimized,3860,0.91
382,382,rigetti,optimized,3870,0.92
383,383,simulator,unoptimized,3880,0.93
384,384,rigetti,optimized,3890,0.9400000000000001
385,385,simulator,unoptimized,3900,0.9500000000000001
386,386,rigetti,optimized,3910,0.96
387,387,simulator,unoptimized,3920,0.97
388,388,rigetti,optimized,3930,0.98
389,389,simulator,unoptimized,3940,0.99
390,390,rigetti,optimized,3950,0.9
391,391,simulator,unoptimized,3960,0.91
392,392,rigetti,optimized,3970,0.92
393,393,simulator,unoptimized,3980,0.93
394,394,rigetti,optimized,3990,0.9400000000000001
395,395,simulator,unoptimized,4000,0.9500000000000001
396,396,rigetti,optimized,4010,0.96
397,397,simulator,unoptimized,4020,0.97
398,398,rigetti,optimized,4030,0.98
399,399,simulator,unoptimized,4040,0.99
400,400,rigetti,optimized,4050,0.9
401,401,simulator,unoptimized,4060,0.91
402,402,rigetti,optimized,4070,0.92
403,403,simulator,unoptimized,4080,0.93
404,404,rigetti,optimized,4090,0.9400000000000001
405,405,simulator,unoptimized,4100,0.9500000000000001
406,406,rigetti,optimized,4110,0.96
407,407,simulator,unoptimized,4120,0.97
408,408,rigetti,optimized,4130,0.98
409,409,simulator,unoptimized,4140,0.99
410,410,rigetti,optimized,4150,0.9
411,411,simulator,unoptimized,4160,0.91
412,412,rigetti,optimized,4170,0.92
413,413,simulator,unoptimized,4180,0.93
414,414,rigetti,optimized,4190,0.9400000000000001
415,415,simulator,unoptimized,4200,0.9500000000000001
416,416,rigetti,optimized,4210,0.96
417,417,simulator,unoptimized,4220,0.97
418,418,rigetti,optimized,4230,0.98
419,419,simulator,unoptimized,4240,0.99
420,420,rigetti,optimized,4250,0.9
421,421,simulator,unoptimized,4260,0.91
422,422,rigetti,optimized,4270,0.92
423,423,simulator,unoptimized,4280,0.93
424,424,rigetti,optimized,4290,0.9400000000000001
425,425,simulator,unoptimized,4300,0.9500000000000001
426,426,rigetti,optimized,4310,0.96
427,427,simulator,unoptimized,4320,0.97
428,428,rigetti,optimized,4330,0.98
429,429,simulator,unoptimized,4340,0.99
430,430,rigetti,optimized,4350,0.9
431,431,simulator,unoptimized,4360,0.91
432,432,rigetti,optimized,4370,0.92
433,433,simulator,unoptimized,4380,0.93
434,434,rigetti,optimized,4390,0.9400000000000001
435,435,simulator,unoptimized,4400,0.9500000000000001
436,436,rigetti,optimized,4410,0.96
437,437,simulator,unoptimized,4420,0.97
438,438,rigetti,optimized,4430,0.98
439,439,simulator,unoptimized,4440,0.99
440,440,rigetti,optimized,4450,0.9
441,441,simulator,unoptimized,4460,0.91
442,442,rigetti,optimized,4470,0.92
443,443,simulator,unoptimized,4480,0.93
444,444,rigetti,optimized,4490,0.9400000000000001
445,445,simulator,unoptimized,4500,0.9500000000000001
446,446,rigetti,optimized,4510,0.96
447,447,simulator,unoptimized,4520,0.97
448,448,rigetti,optimized,4530,0.98
449,449,simulator,unoptimized,4540,0.99
450,450,rigetti,optimized,4550,0.9
451,451,simulator,unoptimized,4560,0.91
452,452,rigetti,optimized,4570,0.92
453,453,simulator,unoptimized,4580,0.93
454,454,rigetti,optimized,4590,0.9400000000000001
455,455,simulator,unoptimized,4600,0.9500000000000001
456,456,rigetti,optimized,4610,0.96
457,457,simulator,unoptimized,4620,0.97
458,458,rigetti,optimized,4630,0.98
459,459,simulator,unoptimized,4640,0.99
460,460,rigetti,optimized,4650,0.9
461,461,simulator,unoptimized,4660,0.91
462,462,rigetti,optimized,4670,0.92
463,463,simulator,unoptimized,4680,0.93
464,464,rigetti,optimized,4690,0.9400000000000001
465,465,simulator,unoptimized,4700,0.9500000000000001
466,466,rigetti,optimized,4710,0.96
467,467,simulator,unoptimized,4720,0.97
468,468,rigetti,optimized,4730,0.98
469,469,simulator,unoptimized,4740,0.99
470,470,rigetti,optimized,4750,0.9
471,471,simulator,unoptimized,4760,0.91
472,472,rigetti,optimized,4770,0.92
473,473,simulator,unoptimized,4780,0.93
474,474,rigetti,optimized,4790,0.9400000000000001
475,475,simulator,unoptimized,4800,0.9500000000000001
476,476,rigetti,optimized,4810,0.96
477,477,simulator,unoptimized,4820,0.97
478,478,rigetti,optimized,4830,0.98
479,479,simulator,unoptimized,4840,0.99
480,480,rigetti,optimized,4850,0.9
481,481,simulator,unoptimized,4860,0.91
482,482,rigetti,optimized,4870,0.92
483,483,simulator,unoptimized,4880,0.93
484,484,rigetti,optimized,4890,0.9400000000000001
485,485,simulator,unoptimized,4900,0.9500000000000001
486,486,rigetti,optimized,4910,0.96
487,487,simulator,unoptimized,4920,0.97
488,488,rigetti,optimized,4930,0.98
489,489,simulator,unoptimized,4940,0.99
490,490,rigetti,optimized,4950,0.9
491,491,simulator,unoptimized,4960,0.91
492,492,rigetti,optimized,4970,0.92
493,493,simulator,unoptimized,4980,0.93
494,494,rigetti,optimized,4990,0.9400000000000001
495,495,simulator,unoptimized,5000,0.9500000000000001
496,496,rigetti,optimized,5010,0.96
497,497,simulator,unoptimized,5020,0.97
498,498,rigetti,optimized,5030,0.98
499,499,simulator,unoptimized,5040,0.99
500,500,rigetti,optimized,5050,0.9
501,501,simulator,unoptimized,5060,0.91
502,502,rigetti,optimized,5070,0.92
503,503,simulator,unoptimized,5080,0.93
504,504,rigetti,optimized,5090,0.9400000000000001
505,505,simulator,unoptimized,5100,0.9500000000000001
506,506,rigetti,optimized,5110,0.96
507,507,simulator,unoptimized,5120,0.97
508,508,rigetti,optimized,5130,0.98
509,509,simulator,unoptimized,5140,0.99
510,510,rigetti,optimized,5150,0.9
511,511,simulator,unoptimized,5160,0.91
512,512,rigetti,optimized,5170,0.92
513,513,simulator,unoptimized,5180,0.93
514,514,rigetti,optimized,5190,0.9400000000000001
515,515,simulator,unoptimized,5200,0.9500000000000001
516,516,rigetti,optimized,5210,0.96
517,517,simulator,unoptimized,5220,0.97
518,518,rigetti,optimized,5230,0.98
519,519,simulator,unoptimized,5240,0.99
520,520,rigetti,optimized,5250,0.9
521,521,simulator,unoptimized,5260,0.91
522,522,rigetti,optimized,5270,0.92
523,523,simulator,unoptimized,5280,0.93
524,524,rigetti,optimized,5290,0.9400000000000001
525,525,simulator,unoptimized,5300,0.9500000000000001
526,526,rigetti,optimized,5310,0.96
527,527,simulator,unoptimized,5320,0.97
528,528,rigetti,optimized,5330,0.98
529,529,simulator,unoptimized,5340,0.99
530,530,rigetti,optimized,5350,0.9
531,531,simulator,unoptimized,5360,0.91
532,532,rigetti,optimized,5370,0.92
533,533,simulator,unoptimized,5380,0.93
534,534,rigetti,optimized,5390,0.9400000000000001
535,535,simulator,unoptimized,5400,0.9500000000000001
536,536,rigetti,optimized,5410,0.96
537,537,simulator,unoptimized,5420,0.97
538,538,rigetti,optimized,5430,0.98
539,539,simulator,unoptimized,5440,0.99
540,540,rigetti,optimized,5450,0.9
541,541,simulator,unoptimized,5460,0.91
542,542,rigetti,optimized,5470,0.92
543,543,simulator,unoptimized,5480,0.93
544,544,rigetti,optimized,5490,0.9400000000000001
545,545,simulator,unoptimized,5500,0.9500000000000001
546,546,rigetti,optimized,5510,0.96
547,547,simulator,unoptimized,5520,0.97
548,548,rigetti,optimized,5530,0.98
549,549,simulator,unoptimized,5540,0.99
550,550,rigetti,optimized,5550,0.9
551,551,simulator,unoptimized,5560,0.91
552,552,rigetti,optimized,5570,0.92
553,553,simulator,unoptimized,5580,0.93
554,554,rigetti,optimized,5590,0.9400000000000001
555,555,simulator,unoptimized,5600,0.9500000000000001
556,556,rigetti,optimized,5610,0.96
557,557,simulator,unoptimized,5620,0.97
558,558,rigetti,optimized,5630,0.98
559,559,simulator,unoptimized,5640,0.99
560,560,rigetti,optimized,5650,0.9
561,561,simulator,unoptimized,5660,0.91
562,562,rigetti,optimized,5670,0.92
563,563,simulator,unoptimized,5680,0.93
564,564,rigetti,optimized,5690,0.9400000000000001
565,565,simulator,unoptimized,5700,0.9500000000000001
566,566,rigetti,optimized,5710,0.96
567,567,simulator,unoptimized,5720,0.97
568,568,rigetti,optimized,5730,0.98
569,569,simulator,unoptimized,5740,0.99
570,570,rigetti,optimized,5750,0.9
571,571,simulator,unoptimized,5760,0.91
572,572,rigetti,optimized,5770,0.92
573,573,simulator,unoptimized,5780,0.93
574,574,rigetti,optimized,5790,0.9400000000000001
575,575,simulator,unoptimized,5800,0.9500000000000001
576,576,rigetti,optimized,5810,0.96
577,577,simulator,unoptimized,5820,0.97
578,578,rigetti,optimized,5830,0.98
579,579,simulator,unoptimized,5840,0.99
580,580,rigetti,optimized,5850,0.9
581,581,simulator,unoptimized,5860,0.91
582,582,rigetti,optimized,5870,0.92
583,583,simulator,unoptimized,5880,0.93
584,584,rigetti,optimized,5890,0.9400000000000001
585,585,simulator,unoptimized,5900,0.9500000000000001
586,586,rigetti,optimized,5910,0.96
587,587,simulator,unoptimized,5920,0.97
588,588,rigetti,optimized,5930,0.98
589,589,simulator,unoptimized,5940,0.99
590,590,rigetti,optimized,5950,0.9
591,591,simulator,unoptimized,5960,0.91
592,592,rigetti,optimized,5970,0.92
593,593,simulator,unoptimized,5980,0.93
594,594,rigetti,optimized,5990,0.9400000000000001
595,595,simulator,unoptimized,6000,0.9500000000000001
596,596,rigetti,optimized,6010,0.96
597,597,simulator,unoptimized,6020,0.97
598,598,rigetti,optimized,6030,0.98
599,599,simulator,unoptimized,6040,0.99
600,600,rigetti,optimized,6050,0.9
601,601,simulator,unoptimized,6060,0.91
602,602,rigetti,optimized,6070,0.92
603,603,simulator,unoptimized,6080,0.93
604,604,rigetti,optimized,6090,0.9400000000000001
605,605,simulator,unoptimized,6100,0.9500000000000001
606,606,rigetti,optimized,6110,0.96
607,607,simulator,unoptimized,6120,0.97
608,608,rigetti,optimized,6130,0.98
609,609,simulator,unoptimized,6140,0.99
610,610,rigetti,optimized,6150,0.9
611,611,simulator,unoptimized,6160,0.91
612,612,rigetti,optimized,6170,0.92
613,613,simulator,unoptimized,6180,0.93
614,614,rigetti,optimized,6190,0.9400000000000001
615,615,simulator,unoptimized,6200,0.9500000000000001
616,616,rigetti,optimized,6210,0.96
617,617,simulator,unoptimized,6220,0.97
618,618,rigetti,optimized,6230,0.98
619,619,simulator,unoptimized,6240,0.99
620,620,rigetti,optimized,6250,0.9
621,621,simulator,unoptimized,6260,0.91
622,622,rigetti,optimized,6270,0.92
623,623,simulator,unoptimized,6280,0.93
624,624,rigetti,optimized,6290,0.9400000000000001
625,625,simulator,unoptimized,6300,0.9500000000000001
626,626,rigetti,optimized,6310,0.96
627,627,simulator,unoptimized,6320,0.97
628,628,rigetti,optimized,6330,0.98
629,629,simulator,unoptimized,6340,0.99
630,630,rigetti,optimized,6350,0.9
631,631,simulator,unoptimized,6360,0.91
632,632,rigetti,optimized,6370,0.92
633,633,simulator,unoptimized,6380,0.93
634,634,rigetti,optimized,6390,0.9400000000000001
635,635,simulator,unoptimized,6400,0.9500000000000001
636,636,rigetti,optimized,6410,0.96
637,637,simulator,unoptimized,6420,0.97
638,638,rigetti,optimized,6430,0.98
639,639,simulator,unoptimized,6440,0.99
640,640,rigetti,optimized,6450,0.9
641,641,simulator,unoptimized,6460,0.91
642,642,rigetti,optimized,6470,0.92
643,643,simulator,unoptimized,6480,0.93
644,644,rigetti,optimized,6490,0.9400000000000001
645,645,simulator,unoptimized,6500,0.9500000000000001
646,646,rigetti,optimized,6510,0.96
647,647,simulator,unoptimized,6520,0.97
648,648,rigetti,optimized,6530,0.98
649,649,simulator,unoptimized,6540,0.99
650,650,rigetti,optimized,6550,0.9
651,651,simulator,unoptimized,6560,0.91
652,652,rigetti,optimized,6570,0.92
653,653,simulator,unoptimized,6580,0.93
654,654,rigetti,optimized,6590,0.9400000000000001
655,655,simulator,unoptimized,6600,0.9500000000000001
656,656,rigetti,optimized,6610,0.96
657,657,simulator,unoptimized,6620,0.97
658,658,rigetti,optimized,6630,0.98
659,659,simulator,unoptimized,6640,0.99
660,660,rigetti,optimized,6650,0.9
661,661,simulator,unoptimized,6660,0.91
662,662,rigetti,optimized,6670,0.92
663,663,simulator,unoptimized,6680,0.93
664,664,rigetti,optimized,6690,0.9400000000000001
665,665,simulator,unoptimized,6700,0.9500000000000001
666,666,rigetti,optimized,6710,0.96
667,667,simulator,unoptimized,6720,0.97
668,668,rigetti,optimized,6730,0.98
669,669,simulator,unoptimized,6740,0.99
670,670,rigetti,optimized,6750,0.9
671,671,simulator,unoptimized,6760,0.91
672,672,rigetti,optimized,6770,0.92
673,673,simulator,unoptimized,6780,0.93
674,674,rigetti,optimized,6790,0.9400000000000001
675,675,simulator,unoptimized,6800,0.9500000000000001
676,676,rigetti,optimized,6810,0.96
677,677,simulator,unoptimized,6820,0.97
678,678,rigetti,optimized,6830,0.98
679,679,simulator,unoptimized,6840,0.99
680,680,rigetti,optimized,6850,0.9
681,681,simulator,unoptimized,6860,0.91
682,682,rigetti,optimized,6870,0.92
683,683,simulator,unoptimized,6880,0.93
684,684,rigetti,optimized,6890,0.9400000000000001
685,685,simulator,unoptimized,6900,0.9500000000000001
686,686,rigetti,optimized,6910,0.96
687,687,simulator,unoptimized,6920,0.97
688,688,rigetti,optimized,6930,0.98
689,689,simulator,unoptimized,6940,0.99
690,690,rigetti,optimized,6950,0.9
691,691,simulator,unoptimized,6960,0.91
692,692,rigetti,optimized,6970,0.92
693,693,simulator,unoptimized,6980,0.93
694,694,rigetti,optimized,6990,0.9400000000000001
695,695,simulator,unoptimized,7000,0.9500000000000001
696,696,rigetti,optimized,7010,0.96
697,697,simulator,unoptimized,7020,0.97
698,698,rigetti,optimized,7030,0.98
699,699,simulator,unoptimized,7040,0.99
700,700,rigetti,optimized,7050,0.9
701,701,simulator,unoptimized,7060,0.91
702,702,rigetti,optimized,7070,0.92
703,703,simulator,unoptimized,7080,0.93
704,704,rigetti,optimized,7090,0.9400000000000001
705,705,simulator,unoptimized,7100,0.9500000000000001
706,706,rigetti,optimized,7110,0.96
707,707,simulator,unoptimized,7120,0.97
708,708,rigetti,optimized,7130,0.98
709,709,simulator,unoptimized,7140,0.99
710,710,rigetti,optimized,7150,0.9
711,711,simulator,unoptimized,7160,0.91
712,712,rigetti,optimized,7170,0.92
713,713,simulator,unoptimized,7180,0.93
714,714,rigetti,optimized,7190,0.9400000000000001
715,715,simulator,unoptimized,7200,0.9500000000000001
716,716,rigetti,optimized,7210,0.96
717,717,simulator,unoptimized,7220,0.97
718,718,rigetti,optimized,7230,0.98
719,719,simulator,unoptimized,7240,0.99
720,720,rigetti,optimized,7250,0.9
721,721,simulator,unoptimized,7260,0.91
722,722,rigetti,optimized,7270,0.92
723,723,simulator,unoptimized,7280,0.93
724,724,rigetti,optimized,7290,0.9400000000000001
725,725,simulator,unoptimized,7300,0.9500000000000001
726,726,rigetti,optimized,7310,0.96
727,727,simulator,unoptimized,7320,0.97
728,728,rigetti,optimized,7330,0.98
729,729,simulator,unoptimized,7340,0.99
730,730,rigetti,optimized,7350,0.9
731,731,simulator,unoptimized,7360,0.91
732,732,rigetti,optimized,7370,0.92
733,733,simulator,unoptimized,7380,0.93
734,734,rigetti,optimized,7390,0.9400000000000001
735,735,simulator,unoptimized,7400,0.9500000000000001
736,736,rigetti,optimized,7410,0.96
737,737,simulator,unoptimized,7420,0.97
738,738,rigetti,optimized,7430,0.98
739,739,simulator,unoptimized,7440,0.99
740,740,rigetti,optimized,7450,0.9
741,741,simulator,unoptimized,7460,0.91
742,742,rigetti,optimized,7470,0.92
743,743,simulator,unoptimized,7480,0.93
744,744,rigetti,optimized,7490,0.9400000000000001
745,745,simulator,unoptimized,7500,0.9500000000000001
746,746,rigetti,optimized,7510,0.96
747,747,simulator,unoptimized,7520,0.97
748,748,rigetti,optimized,7530,0.98
749,749,simulator,unoptimized,7540,0.99
750,750,rigetti,optimized,7550,0.9
751,751,simulator,unoptimized,7560,0.91
752,752,rigetti,optimized,7570,0.92
753,753,simulator,unoptimized,7580,0.93
754,754,rigetti,optimized,7590,0.9400000000000001
755,755,simulator,unoptimized,7600,0.9500000000000001
756,756,rigetti,optimized,7610,0.96
757,757,simulator,unoptimized,7620,0.97
758,758,rigetti,optimized,7630,0.98
759,759,simulator,unoptimized,7640,0.99
760,760,rigetti,optimized,7650,0.9
761,761,simulator,unoptimized,7660,0.91
762,762,rigetti,optimized,7670,0.92
763,763,simulator,unoptimized,7680,0.93
764,764,rigetti,optimized,7690,0.9400000000000001
765,765,simulator,unoptimized,7700,0.9500000000000001
766,766,rigetti,optimized,7710,0.96
767,767,simulator,unoptimized,7720,0.97
768,768,rigetti,optimized,7730,0.98
769,769,simulator,unoptimized,7740,0.99
770,770,rigetti,optimized,7750,0.9
771,771,simulator,unoptimized,7760,0.91
772,772,rigetti,optimized,7770,0.92
773,773,simulator,unoptimized,7780,0.93
774,774,rigetti,optimized,7790,0.9400000000000001
775,775,simulator,unoptimized,7800,0.9500000000000001
776,776,rigetti,optimized,7810,0.96
777,777,simulator,unoptimized,7820,0.97
778,778,rigetti,optimized,7830,0.98
779,779,simulator,unoptimized,7840,0.99
780,780,rigetti,optimized,7850,0.9
781,781,simulator,unoptimized,7860,0.91
782,782,rigetti,optimized,7870,0.92
783,783,simulator,unoptimized,7880,0.93
784,784,rigetti,optimized,7890,0.9400000000000001
785,785,simulator,unoptimized,7900,0.9500000000000001
786,786,rigetti,optimized,7910,0.96
787,787,simulator,unoptimized,7920,0.97
788,788,rigetti,optimized,7930,0.98
789,789,simulator,unoptimized,7940,0.99
790,790,rigetti,optimized,7950,0.9
791,791,simulator,unoptimized,7960,0.91
792,792,rigetti,optimized,7970,0.92
793,793,simulator,unoptimized,7980,0.93
794,794,rigetti,optimized,7990,0.9400000000000001
795,795,simulator,unoptimized,8000,0.9500000000000001
796,796,rigetti,optimized,8010,0.96
797,797,simulator,unoptimized,8020,0.97
798,798,rigetti,optimized,8030,0.98
799,799,simulator,unoptimized,8040,0.99
800,800,rigetti,optimized,8050,0.9
801,801,simulator,unoptimized,8060,0.91
802,802,rigetti,optimized,8070,0.92
803,803,simulator,unoptimized,8080,0.93
804,804,rigetti,optimized,8090,0.9400000000000001
805,805,simulator,unoptimized,8100,0.9500000000000001
806,806,rigetti,optimized,8110,0.96
807,807,simulator,unoptimized,8120,0.97
808,808,rigetti,optimized,8130,0.98
809,809,simulator,unoptimized,8140,0.99
810,810,rigetti,optimized,8150,0.9
811,811,simulator,unoptimized,8160,0.91
812,812,rigetti,optimized,8170,0.92
813,813,simulator,unoptimized,8180,0.93
814,814,rigetti,optimized,8190,0.9400000000000001
815,815,simulator,unoptimized,8200,0.9500000000000001
816,816,rigetti,optimized,8210,0.96
817,817,simulator,unoptimized,8220,0.97
818,818,rigetti,optimized,8230,0.98
819,819,simulator,unoptimized,8240,0.99
820,820,rigetti,optimized,8250,0.9
821,821,simulator,unoptimized,8260,0.91
822,822,rigetti,optimized,8270,0.92
823,823,simulator,unoptimized,8280,0.93
824,824,rigetti,optimized,8290,0.9400000000000001
825,825,simulator,unoptimized,8300,0.9500000000000001
826,826,rigetti,optimized,8310,0.96
827,827,simulator,unoptimized,8320,0.97
828,828,rigetti,optimized,8330,0.98
829,829,simulator,unoptimized,8340,0.99
830,830,rigetti,optimized,8350,0.9
831,831,simulator,unoptimized,8360,0.91
832,832,rigetti,optimized,8370,0.92
833,833,simulator,unoptimized,8380,0.93
834,834,rigetti,optimized,8390,0.9400000000000001
835,835,simulator,unoptimized,8400,0.9500000000000001
836,836,rigetti,optimized,8410,0.96
837,837,simulator,unoptimized,8420,0.97
838,838,rigetti,optimized,8430,0.98
839,839,simulator,unoptimized,8440,0.99
840,840,rigetti,optimized,8450,0.9
841,841,simulator,unoptimized,8460,0.91
842,842,rigetti,optimized,8470,0.92
843,843,simulator,unoptimized,8480,0.93
844,844,rigetti,optimized,8490,0.9400000000000001
845,845,simulator,unoptimized,8500,0.9500000000000001
846,846,rigetti,optimized,8510,0.96
847,847,simulator,unoptimized,8520,0.97
848,848,rigetti,optimized,8530,0.98
849,849,simulator,unoptimized,8540,0.99
850,850,rigetti,optimized,8550,0.9
851,851,simulator,unoptimized,8560,0.91
852,852,rigetti,optimized,8570,0.92
853,853,simulator,unoptimized,8580,0.93
854,854,rigetti,optimized,8590,0.9400000000000001
855,855,simulator,unoptimized,8600,0.9500000000000001
856,856,rigetti,optimized,8610,0.96
857,857,simulator,unoptimized,8620,0.97
858,858,rigetti,optimized,8630,0.98
859,859,simulator,unoptimized,8640,0.99
860,860,rigetti,optimized,8650,0.9
861,861,simulator,unoptimized,8660,0.91
862,862,rigetti,optimized,8670,0.92
863,863,simulator,unoptimized,8680,0.93
864,864,rigetti,optimized,8690,0.9400000000000001
865,865,simulator,unoptimized,8700,0.9500000000000001
866,866,rigetti,optimized,8710,0.96
867,867,simulator,unoptimized,8720,0.97
868,868,rigetti,optimized,8730,0.98
869,869,simulator,unoptimized,8740,0.99
870,870,rigetti,optimized,8750,0.9
871,871,simulator,unoptimized,8760,0.91
872,872,rigetti,optimized,8770,0.92
873,873,simulator,unoptimized,8780,0.93
874,874,rigetti,optimized,8790,0.9400000000000001
875,875,simulator,unoptimized,8800,0.9500000000000001
876,876,rigetti,optimized,8810,0.96
877,877,simulator,unoptimized,8820,0.97
878,878,rigetti,optimized,8830,0.98
879,879,simulator,unoptimized,8840,0.99
880,880,rigetti,optimized,8850,0.9
881,881,simulator,unoptimized,8860,0.91
882,882,rigetti,optimized,8870,0.92
883,883,simulator,unoptimized,8880,0.93
884,884,rigetti,optimized,8890,0.9400000000000001
885,885,simulator,unoptimized,8900,0.9500000000000001
886,886,rigetti,optimized,8910,0.96
887,887,simulator,unoptimized,8920,0.97
888,888,rigetti,optimized,8930,0.98
889,889,simulator,unoptimized,8940,0.99
890,890,rigetti,optimized,8950,0.9
891,891,simulator,unoptimized,8960,0.91
892,892,rigetti,optimized,8970,0.92
893,893,simulator,unoptimized,8980,0.93
894,894,rigetti,optimized,8990,0.9400000000000001
895,895,simulator,unoptimized,9000,0.9500000000000001
896,896,rigetti,optimized,9010,0.96
897,897,simulator,unoptimized,9020,0.97
898,898,rigetti,optimized,9030,0.98
899,899,simulator,unoptimized,9040,0.99
900,900,rigetti,optimized,9050,0.9
901,901,simulator,unoptimized,9060,0.91
902,902,rigetti,optimized,9070,0.92
903,903,simulator,unoptimized,9080,0.93
904,904,rigetti,optimized,9090,0.9400000000000001
905,905,simulator,unoptimized,9100,0.9500000000000001
906,906,rigetti,optimized,9110,0.96
907,907,simulator,unoptimized,9120,0.97
908,908,rigetti,optimized,9130,0.98
909,909,simulator,unoptimized,9140,0.99
910,910,rigetti,optimized,9150,0.9
911,911,simulator,unoptimized,9160,0.91
912,912,rigetti,optimized,9170,0.92
913,913,simulator,unoptimized,9180,0.93
914,914,rigetti,optimized,9190,0.9400000000000001
915,915,simulator,unoptimized,9200,0.9500000000000001
916,916,rigetti,optimized,9210,0.96
917,917,simulator,unoptimized,9220,0.97
918,918,rigetti,optimized,9230,0.98
919,919,simulator,unoptimized,9240,0.99
920,920,rigetti,optimized,9250,0.9
921,921,simulator,unoptimized,9260,0.91
922,922,rigetti,optimized,9270,0.92
923,923,simulator,unoptimized,9280,0.93
924,924,rigetti,optimized,9290,0.9400000000000001
925,925,simulator,unoptimized,9300,0.9500000000000001
926,926,rigetti,optimized,9310,0.96
927,927,simulator,unoptimized,9320,0.97
928,928,rigetti,optimized,9330,0.98
929,929,simulator,unoptimized,9340,0.99
930,930,rigetti,optimized,9350,0.9
931,931,simulator,unoptimized,9360,0.91
932,932,rigetti,optimized,9370,0.92
933,933,simulator,unoptimized,9380,0.93
934,934,rigetti,optimized,9390,0.9400000000000001
935,935,simulator,unoptimized,9400,0.9500000000000001
936,936,rigetti,optimized,9410,0.96
937,937,simulator,unoptimized,9420,0.97
938,938,rigetti,optimized,9430,0.98
939,939,simulator,unoptimized,9440,0.99
940,940,rigetti,optimized,9450,0.9
941,941,simulator,unoptimized,9460,0.91
942,942,rigetti,optimized,9470,0.92
943,943,simulator,unoptimized,9480,0.93
944,944,rigetti,optimized,9490,0.9400000000000001
945,945,simulator,unoptimized,9500,0.9500000000000001
946,946,rigetti,optimized,9510,0.96
947,947,simulator,unoptimized,9520,0.97
948,948,rigetti,optimized,9530,0.98
949,949,simulator,unoptimized,9540,0.99
950,950,rigetti,optimized,9550,0.9
951,951,simulator,unoptimized,9560,0.91
952,952,rigetti,optimized,9570,0.92
953,953,simulator,unoptimized,9580,0.93
954,954,rigetti,optimized,9590,0.9400000000000001
955,955,simulator,unoptimized,9600,0.9500000000000001
956,956,rigetti,optimized,9610,0.96
957,957,simulator,unoptimized,9620,0.97
958,958,rigetti,optimized,9630,0.98
959,959,simulator,unoptimized,9640,0.99
960,960,rigetti,optimized,9650,0.9
961,961,simulator,unoptimized,9660,0.91
962,962,rigetti,optimized,9670,0.92
963,963,simulator,unoptimized,9680,0.93
964,964,rigetti,optimized,9690,0.9400000000000001
965,965,simulator,unoptimized,9700,0.9500000000000001
966,966,rigetti,optimized,9710,0.96
967,967,simulator,unoptimized,9720,0.97
968,968,rigetti,optimized,9730,0.98
969,969,simulator,unoptimized,9740,0.99
970,970,rigetti,optimized,9750,0.9
971,971,simulator,unoptimized,9760,0.91
972,972,rigetti,optimized,9770,0.92
973,973,simulator,unoptimized,9780,0.93
974,974,rigetti,optimized,9790,0.9400000000000001
975,975,simulator,unoptimized,9800,0.9500000000000001
976,976,rigetti,optimized,9810,0.96
977,977,simulator,unoptimized,9820,0.97
978,978,rigetti,optimized,9830,0.98
979,979,simulator,unoptimized,9840,0.99
980,980,rigetti,optimized,9850,0.9
981,981,simulator,unoptimized,9860,0.91
982,982,rigetti,optimized,9870,0.92
983,983,simulator,unoptimized,9880,0.93
984,984,rigetti,optimized,9890,0.9400000000000001
985,985,simulator,unoptimized,9900,0.9500000000000001
986,986,rigetti,optimized,9910,0.96
987,987,simulator,unoptimized,9920,0.97
988,988,rigetti,optimized,9930,0.98
989,989,simulator,unoptimized,9940,0.99
990,990,rigetti,optimized,9950,0.9
991,991,simulator,unoptimized,9960,0.91
992,992,rigetti,optimized,9970,0.92
993,993,simulator,unoptimized,9980,0.93
994,994,rigetti,optimized,9990,0.9400000000000001
995,995,simulator,unoptimized,10000,0.9500000000000001
996,996,rigetti,optimized,10010,0.96
997,997,simulator,unoptimized,10020,0.97
998,998,rigetti,optimized,10030,0.98
999,999,simulator,unoptimized,10040,0.99
